{
  "author": "Mohamed Oumoumad",
  "description": "Rename selected files by search and replace",
  "version": "0.0.1",
  "script": "exec.py",
  "command": "",
  "process": "python",
  "getDir": false,
  "getSel": true,
  "params": [
    {
      "type": "inputField",
      "name": "search string",
      "default": "",
      "tooltip": "the text that will be matched"
    },
    {
      "type": "inputField",
      "name": "replace with",
      "default": "",
      "tooltip": "the text it will be replaced with"
    }
  ]
}
